time,elevation_deg,azimuth_deg,range_km,radial_velocity_km_s,doppler_hz
2026-09-02 20:06:12,0.0001961019715387709,293.256739196058,2238.8594993089228,-6.208732754704215,41420.206473000835
2026-09-02 20:06:13,0.055818822624352,293.17010160109874,2232.6507665542185,-6.206284012845572,41403.870225751794
2026-09-02 20:06:14,0.11155198293136852,293.0829630738959,2226.4469312832316,-6.201362302339021,41371.0361075129
2026-09-02 20:06:15,0.1673961225760816,292.995319659404,2220.2480419495405,-6.196516446668738,41338.70803827052
2026-09-02 20:06:16,0.22335403468341417,292.90716380890603,2214.053898389894,-6.1914967583741145,41305.22028258706
2026-09-02 20:06:17,0.2794217561105508,292.818498586769,2207.8650484327923,-6.186302847885827,41270.570241535745
2026-09-02 20:06:18,0.33560207501824896,292.7293163903604,2201.6812926941225,-6.181183420383377,41236.41709748
2026-09-02 20:06:19,0.39189553013066425,292.63961311569847,2195.5026815920255,-6.1760133221980595,41201.92591501457
2026-09-02 20:06:20,0.4483026596726484,292.54938462070567,2189.3292660497264,-6.170792045027611,41167.09330311178
2026-09-02 20:06:21,0.5048240012534513,292.4586267248459,2183.1610975019703,-6.165519074542544,41131.915830534635
2026-09-02 20:06:22,0.5614600917542308,292.3673352087896,2176.9982279006413,-6.160193890273149,41096.390025082954
2026-09-02 20:06:23,0.6182114672035185,292.27550581404984,2170.840709721424,-6.154939670921522,41061.33764660298
2026-09-02 20:06:24,0.6750809529522557,292.1831305152522,2164.688348558798,-6.149508362833103,41025.10385923787
2026-09-02 20:06:25,0.7320645070604478,292.0902124072248,2158.541692995758,-6.143899536066783,40987.68579472926
2026-09-02 20:06:26,0.7891649478742415,291.9967434063987,2152.4005494866647,-6.138360166319217,40950.731097572956
2026-09-02 20:06:27,0.8463828067545844,291.9027190941073,2146.2649726631194,-6.132765887464302,40913.41008628244
2026-09-02 20:06:28,0.903718613557187,291.8081350107302,2140.135017711736,-6.127116141168472,40875.71903605708
2026-09-02 20:06:29,0.9611728964885896,291.7129866553507,2134.0107403807824,-6.121410362508868,40837.65417813725
2026-09-02 20:06:30,1.0187461819587824,291.61726948536983,2127.8921969867183,-6.115770889749001,40800.03166556646
2026-09-02 20:06:31,1.076441318020244,291.5209750304712,2121.7791986012844,-6.109951207404265,40761.20692405321
2026-09-02 20:06:32,1.1342541847020855,291.4241064116478,2115.67229457191,-6.103950847353872,40721.17683063176
2026-09-02 20:06:33,1.1921876208644238,291.32665509657147,2109.5712969065767,-6.098015155466783,40681.57815675792
2026-09-02 20:06:34,1.2502421441789235,291.22861637229715,2103.476264260976,-6.092020506343715,40641.58616254259
2026-09-02 20:06:35,1.3084182697085935,291.129985482376,2097.3872558938892,-6.085966293687761,40601.196803208186
2026-09-02 20:06:36,1.3667165097383605,291.0307576264825,2091.3043316736007,-6.079851905153646,40560.40599362674
2026-09-02 20:06:37,1.4251373736085822,290.9309279600464,2085.227552083582,-6.073798777625598,40520.02387348649
2026-09-02 20:06:38,1.4836837254101978,290.8304875407104,2079.1567341183495,-6.067562042919235,40478.416858100114
2026-09-02 20:06:39,1.5423513571763747,290.7294395159173,2073.0924279977435,-6.061141191846218,40435.58155052865
2026-09-02 20:06:40,1.6011431211708107,290.62777487747337,2067.034451734657,-6.054779822578439,40393.14306284809
2026-09-02 20:06:41,1.6600595129839606,290.52548860010353,2060.9828683525866,-6.048355103437643,40350.28195030606
2026-09-02 20:06:42,1.719101024272122,290.42257561244065,2054.937741527782,-6.041866377268207,40306.99382883213
2026-09-02 20:06:43,1.7782681425323987,290.3190307966277,2048.89913559805,-6.035312978699949,40263.274259554244
2026-09-02 20:06:44,1.8375613508833342,290.2148489879788,2042.8671155703819,-6.028694235159151,40219.118755543546
2026-09-02 20:06:45,1.8969811278494908,290.11002497457685,2036.8417471277319,-6.022130473468337,40175.3300509537
2026-09-02 20:06:46,1.9565303454495333,290.00454924036717,2030.8228546234452,-6.01537885349137,40130.28809077892
2026-09-02 20:06:47,2.016204680781647,289.8984249646586,2024.8109894207491,-6.00843881421531,40083.989132343755
2026-09-02 20:06:48,2.0760069903493887,289.79164256127046,2018.8059769950146,-6.001551802703489,40038.04393707255
2026-09-02 20:06:49,2.1359377318871586,289.68419662573126,2012.8078858153422,-5.994595963135566,39991.6395704362
2026-09-02 20:06:50,2.195997357292371,289.5760817045231,2006.8167850687435,-5.987570574405595,39944.77122173364
2026-09-02 20:06:51,2.256186312377014,289.46729229470304,2000.832744666531,-5.98047490694546,39897.4340238103
2026-09-02 20:06:52,2.316505036574647,289.3578228435519,1994.8558352548525,-5.9734282403358065,39850.423724374064
2026-09-02 20:06:53,2.376956397365052,289.2476633024183,1988.8858881858594,-5.966189645941199,39802.13302057919
2026-09-02 20:06:54,2.4375359564923307,289.1368168815615,1982.9234559629701,-5.958758513667021,39752.557842312504
2026-09-02 20:06:55,2.498246562007946,289.02527345867975,1976.9683711585253,-5.951374262216518,39703.295419236456
2026-09-02 20:06:56,2.5590886249985854,288.9130272783294,1971.020707438537,-5.943915955938564,39653.53895553013
2026-09-02 20:06:57,2.6200625486965876,288.8000725335063,1965.0805392466482,-5.936382812807551,39603.283234080234
2026-09-02 20:06:58,2.6811687281610666,288.6864033653036,1959.147941812922,-5.928774042063424,39552.522979503534
2026-09-02 20:06:59,2.7424075499529015,288.5720138625594,1953.2229911625213,-5.921088844272731,39501.25285855411
2026-09-02 20:07:00,2.8037793918020153,288.45689806151296,1947.3057641243765,-5.913445209663678,39450.260017306224
2026-09-02 20:07:01,2.8652870995028783,288.3410452697085,1941.396100743194,-5.905604562474082,39397.95284959492
2026-09-02 20:07:02,2.9269260829474657,288.2244587389083,1935.4945549994284,-5.897566232868257,39344.32688675749
2026-09-02 20:07:03,2.98869916311497,288.1071276993874,1929.6009682774575,-5.889567141191719,39290.962691207664
2026-09-02 20:07:04,3.050606678829253,287.98904597369545,1923.715420717045,-5.881487484273407,39237.061022218295
2026-09-02 20:07:05,3.1126489582580046,287.8702073301501,1917.8379933089107,-5.8733264060639385,39182.61616884264
2026-09-02 20:07:06,3.1748263185131225,287.75060548253083,1911.968767904917,-5.8650830405686065,39127.622353785875
2026-09-02 20:07:07,3.23713906524769,287.6302340897665,1906.1078272277734,-5.856874161824635,39072.85860956939
2026-09-02 20:07:08,3.2995900074913744,287.5090818657793,1900.2550195812678,-5.848463414173466,39016.74814096535
2026-09-02 20:07:09,3.362174401718768,287.387152107028,1894.4109003994265,-5.839850071107662,38959.28610123783
2026-09-02 20:07:10,3.4248950264654288,287.26443344761435,1888.5753194390525,-5.831268697279597,38902.03733730751
2026-09-02 20:07:11,3.4877521373149283,287.1409193241521,1882.7483630048673,-5.82260055805159,38844.20973693468
2026-09-02 20:07:12,3.5507459762125864,287.01660311697447,1876.9301183229493,-5.813844727256992,38785.79712140051
2026-09-02 20:07:13,3.6138767710043096,286.89147814988763,1871.1206735503533,-5.805000269005745,38726.793247118614
2026-09-02 20:07:14,3.677144734962631,286.7655376898917,1865.3201177849378,-5.796066236233742,38667.19179595733
2026-09-02 20:07:15,3.7405500662725353,286.63877494696663,1859.5285410778858,-5.787157904571927,38607.76180414737
2026-09-02 20:07:16,3.804095506868186,286.51117792359486,1853.745801975794,-5.778041655098036,38546.94473400019
2026-09-02 20:07:17,3.8677761101862833,286.382749981656,1847.9724577676898,-5.768716692562634,38484.735280182635
2026-09-02 20:07:18,3.9315945799071286,286.25347904192614,1842.2083685906687,-5.759414679153451,38422.67892645553
2026-09-02 20:07:19,3.995551048771362,286.12335808399996,1836.4536284093829,-5.7500181982284175,38359.992353299414
2026-09-02 20:07:20,4.059645631800674,285.9923800293649,1830.7083321942118,-5.740526238613938,38296.66881489019
2026-09-02 20:07:21,4.123878425731612,285.86053774124207,1824.972575932155,-5.730937778219982,38232.70149257712
2026-09-02 20:07:22,4.188249508435372,285.7278240244034,1819.2464566377719,-5.721366680486085,38168.850001463914
2026-09-02 20:07:23,4.252761536547769,285.59422623237464,1813.5298425711828,-5.711581910220616,38103.57304065746
2026-09-02 20:07:24,4.31740935755138,285.4597478020989,1807.8232928173306,-5.701582608192439,38036.86487798462
2026-09-02 20:07:25,4.382195581741075,285.32437600502357,1802.126677354798,-5.691597698880969,37970.25273318229
2026-09-02 20:07:26,4.4471202054452705,285.18810341076977,1796.4400974195687,-5.6815110112349885,37902.96159641874
2026-09-02 20:07:27,4.512183203000726,285.0509225299194,1790.763655332328,-5.671321455782504,37834.984199519145
2026-09-02 20:07:28,4.577384526108522,284.9128258139208,1785.0974545080037,-5.661027931435342,37766.31319681393
2026-09-02 20:07:29,4.642724103125812,284.7738056550414,1779.4415994694573,-5.650742786536966,37697.698095773754
2026-09-02 20:07:30,4.708204475562672,284.63384873677757,1773.7959689349298,-5.640237761419144,37627.61611180455
2026-09-02 20:07:31,4.7738202542214925,284.49295859410614,1768.161123946619,-5.629511931023671,37556.061073582256
2026-09-02 20:07:32,4.839573924831216,284.35112182966645,1762.5369450728824,-5.618791283588621,37484.540612350036
2026-09-02 20:07:33,4.905465315301599,284.2083305988083,1756.9235413794418,-5.607960987058618,37412.288651094874
2026-09-02 20:07:34,4.971494226546582,284.0645769977138,1751.3210230987652,-5.597019869864539,37339.29737394887
2026-09-02 20:07:35,5.037660431731801,283.9198530634593,1745.7295016397127,-5.585966748763667,37265.55888716632
2026-09-02 20:07:36,5.103963675456963,283.77415077410024,1740.1490896012378,-5.574800428647563,37191.06521784189
2026-09-02 20:07:37,5.170403672966607,283.6274620487896,1734.5799007824176,-5.563631392763568,37116.55343086428
2026-09-02 20:07:38,5.236982790620952,283.4797727860104,1729.0218268157107,-5.552234808731782,37040.52360604604
2026-09-02 20:07:39,5.303695325212565,283.3310866708566,1723.475431164954,-5.540609674650909,36962.969059421164
2026-09-02 20:07:40,5.3705435746590835,283.1813895249862,1717.940607466409,-5.528978359644384,36885.373278098836
2026-09-02 20:07:41,5.437527128227334,283.03067303358324,1712.4174744456652,-5.517227688193998,36806.981236292464
2026-09-02 20:07:42,5.504645541480119,282.8789288239021,1706.906152090021,-5.505356392498243,36727.784476140776
2026-09-02 20:07:43,5.57189833535323,282.7261484655443,1701.4067616606687,-5.493363192330094,36647.7744568884
2026-09-02 20:07:44,5.639284995209831,282.57232347075717,1695.9194257053607,-5.481356814302899,36567.676524423434
2026-09-02 20:07:45,5.706807689123617,282.4174390422088,1690.444048032063,-5.469115667890037,36486.01238587555
2026-09-02 20:07:46,5.774460395290227,282.2614990407744,1684.9811943695806,-5.4566386823152015,36402.77489779414
2026-09-02 20:07:47,5.842245200406943,282.10448859883,1679.5307706674325,-5.444144814915717,36319.42478630144
2026-09-02 20:07:48,5.910161437770353,281.94639900301786,1674.0929047397492,-5.431522459619714,36235.21749582983
2026-09-02 20:07:49,5.978208400107779,281.7872214846876,1668.667725748193,-5.418770262883868,36150.1439965102
2026-09-02 20:07:50,6.046385338521158,281.6269472204527,1663.2553642139815,-5.40588685923251,36064.19517886944
2026-09-02 20:07:51,6.114691461411856,281.46556733272524,1657.855952029728,-5.392870871038781,35977.36185237043
2026-09-02 20:07:52,6.18312593337708,281.3030728903297,1652.469622471904,-5.3798288634366145,35890.354943062746
2026-09-02 20:07:53,6.251690635111562,281.13944830353694,1647.0962943028549,-5.366543253588361,35801.72289449897
2026-09-02 20:07:54,6.320379123231511,280.9746977014998,1641.7365359647272,-5.353012894997164,35711.4580580754
2026-09-02 20:07:55,6.389193180035298,280.8088054361081,1636.3902685128605,-5.339452542102094,35620.993121195155
2026-09-02 20:07:56,6.45813178348338,280.6417623687887,1631.057630880523,-5.325752533891659,35529.59650433674
2026-09-02 20:07:57,6.527193861920015,280.4735593110772,1625.7387634450772,-5.311911420170418,35437.25853283753
2026-09-02 20:07:58,6.596378292843736,280.30418702550617,1620.4338080401822,-5.297927739259535,35343.96945542596
2026-09-02 20:07:59,6.665683901674359,280.1336362265327,1615.1429079665581,-5.283906023481791,35250.42663669538
2026-09-02 20:08:00,6.735112256087948,279.96189064790036,1609.8659959932186,-5.269632485460761,35155.20384079016
2026-09-02 20:08:01,6.804656487004682,279.78895472988563,1604.6036429956366,-5.2551059154388895,35058.2929970766
2026-09-02 20:08:02,6.874318046696296,279.6148121632327,1599.3557841623408,-5.240537106516854,34961.100365752725
2026-09-02 20:08:03,6.944095539317751,279.43945348058054,1594.122568782603,-5.225818246022413,34862.90669808921
2026-09-02 20:08:04,7.013987510391292,279.2628691719975,1588.904147670296,-5.210947803065778,34763.70178108869
2026-09-02 20:08:05,7.083992445414119,279.08504968629126,1583.7006731764714,-5.195924235203734,34663.475324677675
2026-09-02 20:08:06,7.15410876846768,278.9059854323156,1578.5122991998885,-5.180849900855037,34562.91019072293
2026-09-02 20:08:07,7.2243376684198966,278.7256595002218,1573.3389733747613,-5.1655151018197785,34460.60742341809
2026-09-02 20:08:08,7.294671791337816,278.5440767326172,1568.181268996249,-5.14991857154871,34356.5585732561
2026-09-02 20:08:09,7.365112191693817,278.3612201977653,1563.0391362316639,-5.134266859636568,34252.14159081059
2026-09-02 20:08:10,7.435657033536349,278.1770801595522,1557.9127352769758,-5.118454151108267,34146.650554553096
2026-09-02 20:08:11,7.50630441219247,277.9916468496792,1552.8022279294473,-5.102478840378126,34040.07475316891
2026-09-02 20:08:12,7.5770523527657945,277.8049104694088,1547.7077775962196,-5.086339312175369,33932.403410731364
2026-09-02 20:08:13,7.647898808583097,277.6168611914068,1542.6295493050966,-5.070033941764223,33823.62568817007
2026-09-02 20:08:14,7.718841659652405,277.42748916167653,1537.567709712691,-5.053662421425656,33714.40666079503
2026-09-02 20:08:15,7.7898815709830425,277.2367768019245,1532.5222244622453,-5.037020116142003,33603.38115071596
2026-09-02 20:08:16,7.861010554968992,277.04472955593775,1527.493669480407,-5.020105708817937,33490.54037121866
2026-09-02 20:08:17,7.932229118254906,276.85132985623363,1522.4820130446094,-5.003120529855437,33377.227454170556
2026-09-02 20:08:18,8.00353483154248,276.6565677629793,1517.4874284206962,-4.985961248868534,33262.75305343762
2026-09-02 20:08:19,8.074925184138104,276.46043332054256,1512.5100905468723,-4.9686261887626415,33147.10598064907
2026-09-02 20:08:20,8.146397582259977,276.2629165599138,1507.550176043171,-4.9511136648026195,33030.27499646185
2026-09-02 20:08:21,8.217949347379385,276.0640075012474,1502.607863217267,-4.93352087036601,32912.90850529676
2026-09-02 20:08:22,8.289580597856167,275.8636880689332,1497.683134302439,-4.91564797287549,32793.673367696865
2026-09-02 20:08:23,8.361282716726933,275.6619643874952,1492.7765672715161,-4.897493626756955,32672.560606958
2026-09-02 20:08:24,8.43305564126059,275.45881842980714,1487.888147048925,-4.879254253942577,32550.880609161803
2026-09-02 20:08:25,8.504896336746851,275.25424019993494,1483.018058763631,-4.860828892132531,32427.959826344475
2026-09-02 20:08:26,8.576801675080317,275.04821970526,1478.16648926466,-4.842215819071953,32303.786768858292
2026-09-02 20:08:27,8.648768433005731,274.84074695960254,1473.333627125487,-4.823413307666669,32178.349914771174
2026-09-02 20:08:28,8.720793290334287,274.631811986484,1468.5196626493266,-4.804419626049594,32051.637710309536
2026-09-02 20:08:29,8.792872828156932,274.4214048224892,1463.7247878733879,-4.785328912481759,31924.278178350705
2026-09-02 20:08:30,8.86500643010307,274.2095069657665,1458.949004824363,-4.765947286815845,31794.977889776295
2026-09-02 20:08:31,8.937184670209644,273.9961255392608,1454.1928932997562,-4.7462733971075295,31663.72782538465
2026-09-02 20:08:32,9.009406723698206,273.78124214493533,1449.456458030148,-4.726497641110996,31531.798182267787
2026-09-02 20:08:33,9.081668758831677,273.5648469075225,1444.7398980175342,-4.706522009722789,31398.53511406741
2026-09-02 20:08:34,9.153966836139052,273.3469299833952,1440.0434140107025,-4.68634475597446,31263.926966264513
2026-09-02 20:08:35,9.226296906611209,273.12748156461635,1435.3672085055853,-4.665964132984072,31127.962084917242
2026-09-02 20:08:36,9.298654809900741,272.9064918831477,1430.7114857447343,-4.645471426313293,30991.249461741252
2026-09-02 20:08:37,9.371039185076912,272.6839422302719,1426.0762656529587,-4.624678403418898,30852.53334437718
2026-09-02 20:08:38,9.443439819230028,272.4598408376672,1421.4621289378965,-4.603583738267162,30711.804886480244
2026-09-02 20:08:39,9.515855118856583,272.23416916118106,1416.8690981764244,-4.582372175299383,30570.29657029853
2026-09-02 20:08:40,9.588280460195742,272.00691763697785,1412.2973845872978,-4.560948525334084,30427.37336196819
2026-09-02 20:08:41,9.660711099176632,271.7780767640805,1407.7472011257562,-4.539311053434403,30283.023687236342
2026-09-02 20:08:42,9.73314216963444,271.54763710939187,1403.218762480429,-4.517458029125919,30137.236001620287
2026-09-02 20:08:43,9.80556868156986,271.3155893128147,1398.7122850675044,-4.495387727405955,29989.99879714089
2026-09-02 20:08:44,9.87798551940266,271.08192409253917,1394.227987025617,-4.473187961169515,29841.897898375515
2026-09-02 20:08:45,9.950390352860614,270.84662275103847,1389.7659091451653,-4.45067749815712,29691.724253831097
2026-09-02 20:08:46,10.022771983962295,270.609695112351,1385.3266320293028,-4.427855087938951,29539.469521537805
2026-09-02 20:08:47,10.095127823502274,270.37112272883,1380.9101989692874,-4.404898556782655,29386.32003065704
2026-09-02 20:08:48,10.167452236660099,270.1308966874777,1376.5168349157375,-4.3817162354743004,29231.66423002076
2026-09-02 20:08:49,10.239739454706848,269.8890081821366,1372.1467664983388,-4.358306450506689,29075.490955190668
2026-09-02 20:08:50,10.311983573417011,269.6454485196239,1367.800222014724,-4.334667540523242,28917.789122788687
2026-09-02 20:08:51,10.384178551538652,269.40020912605985,1363.4774314172923,-4.310884091780167,28759.123031575178
2026-09-02 20:08:52,10.456321110489869,269.15327158448554,1359.1784538311638,-4.286781510330343,28598.32791611017
2026-09-02 20:08:53,10.528399125410022,268.904647448254,1354.9038683966317,-4.262358662063548,28435.396210424668
2026-09-02 20:08:54,10.600409038649943,268.6543186398954,1350.6537365070367,-4.23778690280551,28271.471077537986
2026-09-02 20:08:55,10.67234424617493,268.4022771286503,1346.4282945910206,-4.212977927578208,28105.963410048218
2026-09-02 20:08:56,10.744197999876459,268.14851503672134,1342.2277806518803,-4.187930169613537,27938.86275560366
2026-09-02 20:08:57,10.8159634062575,267.8930246465488,1338.0524342517936,-4.162642081577133,27770.158791500573
2026-09-02 20:08:58,10.887633425276324,267.6357984081036,1333.902496488726,-4.137194844980627,27600.393102488437
2026-09-02 20:08:59,10.959203746421775,267.3768184920157,1329.7780445618323,-4.111421018201213,27428.448638299054
2026-09-02 20:09:00,11.030661274146905,267.1160985441236,1325.6796544523236,-4.0853196400586285,27254.318986627935
2026-09-02 20:09:01,11.102001403700763,266.85362117846705,1321.607405281715,-4.05905519333794,27079.101458502606
2026-09-02 20:09:02,11.17321649813758,266.5893795915287,1317.5615440656477,-4.0325430238698345,26902.231302095228
2026-09-02 20:09:03,11.244298769015757,266.32336718622673,1313.5423192339754,-4.005781730863077,26723.699172332595
2026-09-02 20:09:04,11.315240275615377,266.05557758011656,1309.5499806039215,-3.9787699428360384,26543.49591967413
2026-09-02 20:09:05,11.386032924309408,265.7860046137262,1305.5847793483033,-3.9515063186277075,26361.61259685664
2026-09-02 20:09:06,11.456668467950959,265.51464235906275,1301.6469679666661,-3.9240679290141998,26178.563364754158
2026-09-02 20:09:07,11.52714133724922,265.2414741019504,1297.736643490275,-3.8962961754592698,25993.290167821833
2026-09-02 20:09:08,11.597437305983641,264.96651638314177,1293.8543756157476,-3.868190375974791,25805.78845632462
2026-09-02 20:09:09,11.667550502745822,264.6897530672578,1290.0002627383253,-3.839906650601847,25617.099751067435
2026-09-02 20:09:10,11.73747206276265,264.4111792394627,1286.174562314544,-3.8113648952128187,25426.689654833273
2026-09-02 20:09:11,11.807192966470053,264.130790260671,1282.3775329478997,-3.7825639838855523,25234.550656278036
2026-09-02 20:09:12,11.876704039630578,263.8485817767117,1278.6094343467728,-3.753502832500544,25040.6755229349
2026-09-02 20:09:13,11.945995953539486,263.5645497277019,1274.8705272828986,-3.724254723878971,24845.553145162652
2026-09-02 20:09:14,12.015061999308537,263.2786788195115,1271.1609248990148,-3.694669413102929,24648.18119675932
2026-09-02 20:09:15,12.08388698286577,262.99098861117574,1267.4811884566927,-3.664746545142748,24448.55730922189
2026-09-02 20:09:16,12.152463898086628,262.7014645181256,1263.8314318087293,-3.6346344660065597,24247.671140589933
2026-09-02 20:09:17,12.220782803294133,262.41010375258685,1260.2119195246796,-3.6042574043225386,24045.017198681755
2026-09-02 20:09:18,12.288833605537505,262.11690386896504,1256.6229170000843,-3.5736145594171376,23840.590141978406
2026-09-02 20:09:19,12.356606061642612,261.8218627737238,1253.0646904058453,-3.5427051838619263,23634.38498417413
2026-09-02 20:09:20,12.424089779491695,261.5249787351892,1249.5375066323604,-3.5115285851539966,23426.397105386797
2026-09-02 20:09:21,12.491274219398342,261.2262503935523,1246.0416332355373,-3.4801534981646682,23217.08505531963
2026-09-02 20:09:22,12.558151379929665,260.9256646405708,1242.577199636031,-3.448439961449253,23005.51511171941
2026-09-02 20:09:23,12.624705049706021,260.623245076162,1239.1447533126388,-3.4163880959818016,22791.688081638145
2026-09-02 20:09:24,12.690926953495394,260.31897945997804,1235.7444234440675,-3.3841368322997596,22576.530809856195
2026-09-02 20:09:25,12.756805979057027,260.0128680194212,1232.3764796480393,-3.351615771395018,22359.573644744713
2026-09-02 20:09:26,12.822330876307277,259.70491140380045,1229.0411919012774,-3.3188245882741967,22140.81441818124
2026-09-02 20:09:27,12.887490259855207,259.3951106942884,1225.738830471491,-3.285763026260611,21920.251417803254
2026-09-02 20:09:28,12.95227261171027,259.08346741392484,1222.4696658487562,-3.2524956506134686,21698.31537665613
2026-09-02 20:09:29,13.016668866965922,258.7699708880849,1219.233839170264,-3.2188921575517497,21474.13700148354
2026-09-02 20:09:30,13.080662069408536,258.45464877847456,1216.0318815336527,-3.1849531799745137,21247.720514533517
2026-09-02 20:09:31,13.144242920167361,258.13749141778897,1212.863932810315,-3.1508089365006526,21019.93464092184
2026-09-02 20:09:32,13.207399401970283,257.81850219557447,1209.7302636606514,-3.116394106646112,20790.34360928528
2026-09-02 20:09:33,13.27011938159773,257.4976849923605,1206.6311445970227,-3.0817088768969825,20558.948663725107
2026-09-02 20:09:34,13.332390613805437,257.1750441892963,1203.5668459068575,-3.0467535137565847,20325.751582160116
2026-09-02 20:09:35,13.394200745559743,256.85058467755226,1200.5376375695096,-3.011588234757369,20091.154092724835
2026-09-02 20:09:36,13.455539778505644,256.5242987041926,1197.5436694373427,-2.9760930148145235,19854.355474242944
2026-09-02 20:09:37,13.516390221483658,256.19621846256007,1194.5854515398805,-2.9402690857297102,19615.363944410572
2026-09-02 20:09:38,13.576741902819045,255.8663373385933,1191.6631312658833,-2.904237508770848,19374.987137073662
2026-09-02 20:09:39,13.636582084647083,255.53466235516058,1188.7769765223388,-2.867938394040493,19132.825509843165
2026-09-02 20:09:40,13.695897945658219,255.20120109004262,1185.9272544778023,-2.831372524616995,18888.88428685551
2026-09-02 20:09:41,13.754676586619423,254.86596168434576,1183.1142314731048,-2.79454077552964,18643.16930567773
2026-09-02 20:09:42,13.81290503620257,254.52895285059975,1180.338172926743,-2.757444114939858,18395.687025187657
2026-09-02 20:09:43,13.870570256950268,254.1901838807186,1177.5993432432251,-2.720137568640439,18146.804537960987
2026-09-02 20:09:44,13.927661436670428,253.84965091826382,1174.8978977894621,-2.682513607807664,17895.804488901882
2026-09-02 20:09:45,13.984160830473192,253.50739183723667,1172.2343160276098,-2.644574245622266,17642.700308506537
2026-09-02 20:09:46,14.040057549521164,253.16340404708956,1169.6087492982176,-2.606429526159104,17388.226131820196
2026-09-02 20:09:47,14.095338356670831,252.8176992303633,1167.0214569752916,-2.5680261852597823,17132.026618626827
2026-09-02 20:09:48,14.149989982130727,252.47028968398547,1164.472696927698,-2.5293657800186793,16874.112156741976
2026-09-02 20:09:49,14.203999130863576,252.12118832520974,1161.9627254152542,-2.490449970184841,16614.493818819425
2026-09-02 20:09:50,14.25735249012315,251.7704086972635,1159.4917969873284,-2.451329038362701,16353.50705428821
2026-09-02 20:09:51,14.310038843292956,251.41795076123358,1157.0600673385288,-2.411907016171881,16090.511631028963
2026-09-02 20:09:52,14.362040626052949,251.0638576878354,1154.6679829549846,-2.3721866699903558,15825.526004329007
2026-09-02 20:09:53,14.413346653317921,250.70813078102378,1152.315693998548,-2.3322679168459217,15559.216748847777
2026-09-02 20:09:54,14.463943621471097,250.35078613542115,1150.0034471212928,-2.2921036319287396,15291.269481694166
2026-09-02 20:09:55,14.513818250107283,249.99184049316543,1147.7314867346906,-2.2516961105228575,15021.699515355103
2026-09-02 20:09:56,14.562957290807569,249.63131124681135,1145.500054900247,-2.2110477568277247,14750.522888922875
2026-09-02 20:09:57,14.611347536050253,249.26921644172086,1143.3093912210352,-2.1701610838136958,14477.75636713113
2026-09-02 20:09:58,14.658975828290032,248.90557477790716,1141.1597327326197,-2.12908071221932,14203.697627505493
2026-09-02 20:09:59,14.705830938507985,248.54039088891068,1139.0512297965965,-2.0877245421861517,13927.798958745998
2026-09-02 20:10:00,14.751896066433952,248.1737141721084,1136.9842836482474,-2.0460962486287144,13650.084877243407
2026-09-02 20:10:01,14.797160161239324,247.80555063575122,1134.9590372993391,-2.004283617390911,13371.141027109568
2026-09-02 20:10:02,14.84161035912185,247.4359216059774,1132.9757164134655,-1.9622468819093228,13090.702114389569
2026-09-02 20:10:03,14.885233893810323,247.0648490644077,1131.0345435355205,-1.9199892160200989,12808.789312639074
2026-09-02 20:10:04,14.92801810642398,246.69235564648164,1129.1357379814253,-1.877513903738759,12525.42453045139
2026-09-02 20:10:05,14.969950455422088,246.31846463920522,1127.279515728043,-1.834860387286767,12240.870898004827
2026-09-02 20:10:06,15.011020161384536,245.9431848527329,1125.4660172068518,-1.7919592060760579,11954.665024135182
2026-09-02 20:10:07,15.051211642549683,245.56657106495774,1123.6955973158908,-1.7488148352840653,11666.836764012693
2026-09-02 20:10:08,15.090514439547269,245.18863342678083,1121.9683875362837,-1.7055039592796675,11377.897700679765
2026-09-02 20:10:09,15.128916580978421,244.8093977957293,1120.2845893973315,-1.661993494937974,11087.627127283997
2026-09-02 20:10:10,15.16640626338935,244.42889065966,1118.6444005464077,-1.6182873771292634,10796.05129445427
2026-09-02 20:10:11,15.202971861454461,244.04713913054397,1117.048014643073,-1.5743896461410714,10503.197156087706
2026-09-02 20:10:12,15.238601938152797,243.66417093743723,1115.4956212541256,-1.5303044471667135,10209.092365937462
2026-09-02 20:10:13,15.273285254939834,243.2800144188599,1113.9874057487395,-1.4860650292862374,9913.958737989584
2026-09-02 20:10:14,15.307012119315338,242.89468298896858,1112.523491195553,-1.4416168442116941,9617.432365237783
2026-09-02 20:10:15,15.339769005795123,242.50823718548727,1111.1041720603162,-1.3969652373904182,9319.54890866813
2026-09-02 20:10:16,15.371546707873978,242.12069164296074,1109.7295607207723,-1.352173657610365,9020.731653031544
2026-09-02 20:10:17,15.402334881292363,241.73207704715549,1108.3998247450954,-1.307216857351932,8720.81216500738
2026-09-02 20:10:18,15.432123430038045,241.3424246445038,1107.1151270060684,-1.2620995795700765,8419.822086185213
2026-09-02 20:10:19,15.460902516004479,240.9517662302287,1105.8756255859553,-1.216826660209108,8117.793678512806
2026-09-02 20:10:20,15.488662568449097,240.5601341358809,1104.6814736856502,-1.1714256751090488,7814.910908192686
2026-09-02 20:10:21,15.515395348065603,240.1675454030571,1103.5327742357372,-1.1258554244900552,7510.898919879133
2026-09-02 20:10:22,15.541089695405223,239.77406498573725,1102.42976283667,-1.0801219282353713,7205.797873910299
2026-09-02 20:10:23,15.565737993419143,239.3797109665867,1101.3725303792664,-1.0342765911710785,6899.950706372197
2026-09-02 20:10:24,15.589331832405268,238.98451768350054,1100.361209654328,-0.9883011176167429,6593.235361623027
2026-09-02 20:10:25,15.611863114719897,238.5885199380598,1099.395928144033,-0.9422008561052735,6285.687521233596
2026-09-02 20:10:26,15.633324063092054,238.19175297902996,1098.4768079421174,-0.8959812318134937,5977.343378087875
2026-09-02 20:10:27,15.653707228588445,237.7942524853322,1097.603965680406,-0.8496639016221934,5668.347411342773
2026-09-02 20:10:28,15.673006252892034,237.3960385139708,1096.777480138873,-0.8032211821870305,5358.514937604137
2026-09-02 20:10:29,15.691212813575035,236.99717959359884,1095.997523316032,-0.7566596441808997,5047.88979168315
2026-09-02 20:10:30,15.70832129023727,236.5976965784691,1095.2641608505112,-0.7100182413215634,4736.73184481221
2026-09-02 20:10:31,15.724325621597265,236.19762668617545,1094.5774868333888,-0.6632856430360334,4424.96550754478
2026-09-02 20:10:32,15.739220110240883,235.79700747082111,1093.9375895644391,-0.6164676689518274,4112.629604256605
2026-09-02 20:10:33,15.752999428740596,235.39587680278066,1093.3445514954851,-0.5695701926001675,3799.763318930242
2026-09-02 20:10:34,15.765658625362855,234.99427284800305,1092.7984491792388,-0.5225991382716302,3486.4061741782057
2026-09-02 20:10:35,15.777193129463749,234.59223404686674,1092.2993532189419,-0.4755690967783721,3172.6555094216023
2026-09-02 20:10:36,15.787599152320228,234.18978289394173,1091.847310985682,-0.42846789536315555,2858.4301167653493
2026-09-02 20:10:37,15.796872062517277,233.78699069748865,1091.4424174282155,-0.38130253646500023,2543.776711454164
2026-09-02 20:10:38,15.805008902259623,233.38388040706084,1091.084705912752,-0.3340972976983494,2228.857256297951
2026-09-02 20:10:39,15.812006670869602,232.98049134216186,1090.7742228328189,-0.28684873451550175,1913.6487717479654
2026-09-02 20:10:40,15.817862769534045,232.5768629857045,1090.511008443721,-0.23956299744645548,1598.1922897236827
2026-09-02 20:10:41,15.822575004153048,232.17303496111455,1090.295096837926,-0.19224626119341792,1282.5290034042011
2026-09-02 20:10:42,15.826141587821706,231.7690470089697,1090.1265159213342,-0.14490668322764577,966.713333579898
2026-09-02 20:10:43,15.828561217063402,231.3649227031638,1090.0052834714706,-0.0975455968755341,650.7541752470245
2026-09-02 20:10:44,15.829832730151002,230.9607344668737,1089.9314247275831,-0.05017017840020799,334.699403279905
2026-09-02 20:10:45,15.829955692350262,230.55650599479756,1089.9049431146702,-0.002791537126199728,18.623131114257237
2026-09-02 20:10:46,15.828929960964834,230.15227726092192,1089.9258416533307,0.0445870063364282,-297.4524885240989
2026-09-02 20:10:47,15.826755805955413,229.74808823829625,1089.994117127343,0.09195921619004821,-613.4858548712938
2026-09-02 20:10:48,15.823433909666312,229.34397887522633,1090.1097600857108,0.13931886096474955,-929.4353960348766
2026-09-02 20:10:49,15.818965366082569,228.93998907164533,1090.2727548492726,0.18665971705240736,-1245.2595925705866
2026-09-02 20:10:50,15.813351679670093,228.53615865533962,1090.4830795198156,0.23398123107199353,-1560.9547527175853
2026-09-02 20:10:51,15.806594468895073,228.1325111235725,1090.7407173114166,0.28126684202788965,-1876.4103934054917
2026-09-02 20:10:52,15.79869659758587,227.7291185696734,1091.0456132038714,0.328509423289006,-2191.578970869281
2026-09-02 20:10:53,15.789660541141142,227.32600422073685,1091.3977361579946,0.3757131897301633,-2506.488603727071
2026-09-02 20:10:54,15.779489425061142,226.92320738228048,1091.7970395833318,0.4228673114890853,-2821.067042914637
2026-09-02 20:10:55,15.768186772699533,226.52076717173424,1092.2434707809728,0.4699656975350308,-3135.2736534488195
2026-09-02 20:10:56,15.755756501413538,226.11872249594143,1092.7369709784018,0.5170022927244418,-3449.0680397599713
2026-09-02 20:10:57,15.742202918338368,225.71711202894946,1093.2774753664216,0.5639833704559578,-3762.4920534589155
2026-09-02 20:10:58,15.727530102964199,225.31595806105688,1093.8649377193137,0.6108793225942009,-4075.348170327893
2026-09-02 20:10:59,15.71174430840929,224.91533101508003,1094.49923401161,0.6576832803501702,-4387.590566739143
2026-09-02 20:11:00,15.694850413783668,224.51525258815914,1095.180304280014,0.7044130049374644,-4699.3377327555345
2026-09-02 20:11:01,15.676854234864983,224.11576030843452,1095.908060021485,0.7510513304760025,-5010.475149951921
2026-09-02 20:11:02,15.657761950058925,223.71689136597928,1096.682406940966,0.797592494037417,-5320.96437220857
2026-09-02 20:11:03,15.63758009390089,223.31868259297696,1097.5032450095598,0.8440307936888303,-5630.767360323857
2026-09-02 20:11:04,15.616315550163081,222.92117044460193,1098.3704685283437,0.8903794328687127,-5939.972198157919
2026-09-02 20:11:05,15.593974624352583,222.5243750316359,1099.2840038752972,0.9365960859205416,-6248.296519324323
2026-09-02 20:11:06,15.570566674781043,222.1283639282554,1100.2436607001848,0.9826743233999196,-6555.697431187009
2026-09-02 20:11:07,15.546098711439074,221.73315636962593,1101.249352522097,1.0286454737339454,-6862.38393451476
2026-09-02 20:11:08,15.52057894028532,221.33878712109998,1102.3009516476527,1.074486275373033,-7168.200844952765
2026-09-02 20:11:09,15.494015877667785,220.9452904831849,1103.3983250728431,1.1201914573244949,-7473.11299822289
2026-09-02 20:11:10,15.466418341784033,220.55270027561636,1104.5413345623017,1.1657558303309088,-7777.0857753260025
2026-09-02 20:11:11,15.437795443858773,220.16104982233804,1105.729836733505,1.2111742896541955,-8080.085121115325
2026-09-02 20:11:12,15.408156579154031,219.77037193699206,1106.96368314161,1.2564680007329798,-8382.252236198548
2026-09-02 20:11:13,15.377510164684681,219.38068325184668,1108.242772734971,1.3015805719942364,-8683.210916495012
2026-09-02 20:11:14,15.345868602244169,218.99204687584503,1109.5668442855986,1.346506258004183,-8982.922832596298
2026-09-02 20:11:15,15.313240870518158,218.6044783130521,1110.9357852509793,1.3912917772177025,-9281.699656485038
2026-09-02 20:11:16,15.279637407193901,218.21800820426347,1112.349427840034,1.4359072049185215,-9579.341751943082
2026-09-02 20:11:17,15.245068886387227,217.83266661759362,1113.8075996608163,1.4803479895682585,-9875.818754374792
2026-09-02 20:11:18,15.209546208715668,217.44848303811895,1115.3101238191705,1.524609678304273,-10171.10095747821
2026-09-02 20:11:19,15.173080491318698,217.06548635806678,1116.8568190174249,1.5687203593394088,-10465.375745639398
2026-09-02 20:11:20,15.135681534531278,216.6836895324067,1118.4475645378493,1.6126117811954828,-10758.187794007032
2026-09-02 20:11:21,15.097363867833149,216.3031509631264,1120.0820425798158,1.6562789139284178,-11049.503546406213
2026-09-02 20:11:22,15.058137711231145,215.92388232791677,1121.7601223657061,1.6997817171372844,-11339.72301022519
2026-09-02 20:11:23,15.018014946587508,215.5459100648567,1123.4816060140904,1.7430846970648872,-11628.609396603882
2026-09-02 20:11:24,14.97700762147288,215.16925998116858,1125.246291759836,1.7861840239162348,-11916.137155900265
2026-09-02 20:11:25,14.935127938947813,214.79395724775105,1127.0539740619229,1.8290759757903743,-12202.281458263866
2026-09-02 20:11:26,14.892388247381296,214.42002639431203,1128.9044437114167,1.8717569388899165,-12487.018195033555
2026-09-02 20:11:27,14.84880103031704,214.04749130514264,1130.7974879397027,1.9142627668067007,-12770.586555627766
2026-09-02 20:11:28,14.804377092492114,213.67636031322877,1132.73296924503,1.9565121928854978,-13052.44438728007
2026-09-02 20:11:29,14.759132732494507,213.3066858654681,1134.7105123254737,1.998501081671293,-13332.56410120426
2026-09-02 20:11:30,14.713079008542776,212.93847493150483,1136.7299714083726,2.0403041292803437,-13611.444016249026
2026-09-02 20:11:31,14.666228844625868,212.57174878542926,1138.7911205840344,2.0818797622554257,-13888.8067841615
2026-09-02 20:11:32,14.618595250213444,212.20652804470708,1140.8937309328835,2.123225025927354,-14164.632693510617
2026-09-02 20:11:33,14.570191310616526,211.8428326699274,1143.037570635889,2.1643370761958067,-14438.902770501365
2026-09-02 20:11:34,14.521030177462222,211.48068196495876,1145.222405085275,2.2052583589319283,-14711.900183505808
2026-09-02 20:11:35,14.471123036692992,211.1200801018648,1147.448087353753,2.2458967029912174,-14983.010032835566
2026-09-02 20:11:36,14.420487160747678,210.76107408998232,1149.7141984912575,2.286248776485081,-15252.210090522565
2026-09-02 20:11:37,14.369133851595294,210.4036667308785,1152.0205849067231,2.3264017211423607,-15520.081703605505
2026-09-02 20:11:38,14.31707643391466,210.04787471514956,1154.3670019335423,2.366308878046425,-15786.313597298202
2026-09-02 20:11:39,14.264328253384502,209.69371408614174,1156.753202662816,2.4059680587261028,-16050.891171692536
2026-09-02 20:11:40,14.210902668134345,209.34120024336016,1159.1789380509945,2.445377181994786,-16313.800542605952
2026-09-02 20:11:41,14.156813040379683,208.99034794640414,1161.6439570268055,2.48453427312063,-16575.028536045626
2026-09-02 20:11:42,14.10207272825796,208.64117131931297,1164.1480065972357,2.5234890045775273,-16834.906531087767
2026-09-02 20:11:43,14.04669283718517,208.29366990893493,1166.6909350359606,2.562137301429175,-17092.740214493155
2026-09-02 20:11:44,13.990691149942277,207.94788454466126,1169.272281200094,2.600476725601311,-17348.51332118109
2026-09-02 20:11:45,13.934078750150471,207.60381345968852,1171.8918884871632,2.6386080298159413,-17602.89800096266
2026-09-02 20:11:46,13.876868902034936,207.2614682880062,1174.549497259726,2.6764789935100453,-17855.54587574078
2026-09-02 20:11:47,13.819074828014823,206.9208600560538,1177.2448464741833,2.714088260438757,-18106.447897623613
2026-09-02 20:11:48,13.76070970180758,206.58199918955754,1179.9776737806035,2.7514345732754464,-18355.595678630758
2026-09-02 20:11:49,13.701786641766995,206.24489552043076,1182.7477156207342,2.7885736096163782,-18603.36065970264
2026-09-02 20:11:50,13.642316301052979,205.90954483816748,1185.5548209998362,2.8253913669854,-18848.9822981831
2026-09-02 20:11:51,13.582316453811133,205.5759827933392,1188.398498354705,2.8618861358686445,-19092.4491894232
2026-09-02 20:11:52,13.52179763284843,205.2442039545771,1191.2785932715735,2.898169980303919,-19334.50894421046
2026-09-02 20:11:53,13.46077267292292,204.9142158552032,1194.1948383153128,2.9341860202385988,-19574.782099679098
2026-09-02 20:11:54,13.399254323534947,204.58602547428868,1197.1469653120507,2.9699335623727166,-19813.264030629594
2026-09-02 20:11:55,13.337255243607743,204.25963924529904,1200.1347054400583,3.0054120021255812,-20049.950703733724
2026-09-02 20:11:56,13.274787996452224,203.93506306485224,1203.157789316302,3.0406826929011004,-20285.25142484472
2026-09-02 20:11:57,13.211862504306438,203.6122893526515,1206.2160708258605,3.0756221580134024,-20518.342446182567
2026-09-02 20:11:58,13.148496188578385,203.29134893057153,1209.3090336323287,3.1102293458312715,-20749.21675201897
2026-09-02 20:11:59,13.08469877509624,202.97223311720523,1212.436529517523,3.1446270343656124,-20978.693429076277
2026-09-02 20:12:00,13.020482398610108,202.65494575367967,1215.59828770106,3.178753868955596,-21206.36316311597
2026-09-02 20:12:01,12.95585907635212,202.3394901907565,1218.7940372554342,3.2126097415890627,-21432.225233558496
2026-09-02 20:12:02,12.89084070430778,202.02586929872325,1222.023507184238,3.246194621038285,-21656.279432074873
2026-09-02 20:12:03,12.825439053727312,201.71408547701785,1225.2864264975108,3.2795085508024613,-21878.526048860516
2026-09-02 20:12:04,12.75966576783806,201.40414066413558,1228.582524285843,3.3126189453022334,-22099.414824519925
2026-09-02 20:12:05,12.693529690906185,201.09602398851354,1231.9116643881152,3.345392050757823,-22318.053449882475
2026-09-02 20:12:06,12.627047523011784,200.78976128865693,1235.2733083873586,3.377827465387213,-22534.439244547062
2026-09-02 20:12:07,12.56022785206462,200.48534074673665,1238.6673193188897,3.410059456069007,-22749.46794071122
2026-09-02 20:12:08,12.493081780469394,200.18276255695284,1242.0934272994966,3.4420217752465305,-22962.697582248922
2026-09-02 20:12:09,12.425620269246302,199.8820265024173,1245.5513628693827,3.4737148779928475,-23174.131205080866
2026-09-02 20:12:10,12.357854135938318,199.58313196525813,1249.0408570554823,3.5051392815184954,-23383.772259664354
2026-09-02 20:12:11,12.289794052718513,199.28607793658068,1252.5616414324197,3.5363673243786025,-23592.10333689317
2026-09-02 20:12:12,12.221447789402763,198.99085118599717,1256.1135917042395,3.5672567374650725,-23798.175319440976
2026-09-02 20:12:13,12.15283122213766,198.69747370746984,1259.6961549073499,3.5978075926096835,-24001.988686517816
2026-09-02 20:12:14,12.08395183326188,198.40593146443308,1263.309206889459,3.628163543832784,-24204.50179459007
2026-09-02 20:12:15,12.014819697937531,198.11622198356616,1266.9524819950154,3.65825425330263,-24405.245400153664
2026-09-02 20:12:16,11.945444739052915,197.8283424500914,1270.6257153960642,3.688080574322612,-24604.22519583606
2026-09-02 20:12:17,11.87583672631618,197.54228971756476,1274.3286431436607,3.7176434099700373,-24801.447206320565
2026-09-02 20:12:18,11.806005275531712,197.2580603175009,1278.0610022160042,3.746943711427434,-24996.917777213956
2026-09-02 20:12:19,11.735959847989395,196.97565046899524,1281.8225305665155,3.7760590164705263,-25191.1541848763
2026-09-02 20:12:20,11.665706919631287,196.69504483540715,1285.6131202489453,3.804837861018882,-25383.145969728714
2026-09-02 20:12:21,11.595261294613369,196.41626161773445,1289.4322062885533,3.8332807517516585,-25572.896511970685
2026-09-02 20:12:22,11.52462914617919,196.1392848286626,1293.2796817524486,3.861541321897107,-25761.43074217769
2026-09-02 20:12:23,11.453819314401047,195.86410953157352,1297.1552889323475,3.8895447769966722,-25948.249685431863
2026-09-02 20:12:24,11.382840483890966,195.59073052394174,1301.058771306442,3.9172923221112796,-26133.36138103434
2026-09-02 20:12:25,11.311701183984027,195.31914234626535,1304.98987357657,3.944785198915042,-26316.774112543168
2026-09-02 20:12:26,11.240409789028144,195.0493392909562,1308.948341704272,3.9721051317907268,-26499.033086354208
2026-09-02 20:12:27,11.16897164192248,194.78130466327408,1312.9340838401515,3.9990930735352777,-26679.07725373984
2026-09-02 20:12:28,11.097400556772543,194.51505385222205,1316.9465278513426,4.025749823737783,-26856.911948984278
2026-09-02 20:12:29,11.025701574524504,194.25056963847217,1320.985583487627,4.05223711288636,-27033.616121766212
2026-09-02 20:12:30,10.953882454573744,193.98784540795086,1325.0510020771153,4.078476438560983,-27208.66606031152
2026-09-02 20:12:31,10.881950804295569,193.72687434079685,1329.142536364749,4.104469230922859,-27382.071305628775
2026-09-02 20:12:32,10.809914079919706,193.46764941942234,1333.259940538961,4.130216946104497,-27553.841571988425
2026-09-02 20:12:33,10.737779587480055,193.2101634363811,1337.402970256958,4.155721065526109,-27723.986742362336
2026-09-02 20:12:34,10.665554483820598,192.95440900221504,1341.5713826700132,4.1810677061910155,-27893.08132755638
2026-09-02 20:12:35,10.593242866883951,192.70036836705694,1345.76510566934,4.206089670794427,-28060.009907216725
2026-09-02 20:12:36,10.520857417165887,192.4480542407555,1349.983562011602,4.230788004644182,-28224.779454886637
2026-09-02 20:12:37,10.44840194318924,192.19744847769357,1354.2266816786284,4.255333001042345,-28388.526045190538
2026-09-02 20:12:38,10.375883016640184,191.9485430348644,1358.4942280136868,4.279642139008843,-28550.699157407373
2026-09-02 20:12:39,10.30330706611121,191.70132972389777,1362.7859659566461,4.30371702302773,-28711.309495502584
2026-09-02 20:12:40,10.230680378509916,191.45580021787026,1367.1016620597422,4.3275592741063065,-28870.36787367284
2026-09-02 20:12:41,10.15800910047308,191.21194605806733,1371.4410845048587,4.351258530871291,-29028.472296466458
2026-09-02 20:12:42,10.085296313811279,190.96974894991413,1375.8041791214848,4.3746409047450925,-29184.462704162444
2026-09-02 20:12:43,10.01255374006227,190.7292196784084,1380.190366314349,4.397707588691333,-29338.34705535743
2026-09-02 20:12:44,9.939784189532341,190.49033965085394,1384.5995942988675,4.420635796778356,-29491.307595058686
2026-09-02 20:12:45,9.866993263065938,190.2530999456127,1389.0316379079056,4.443339683341037,-29642.77162263393
2026-09-02 20:12:46,9.794186429060252,190.01749154075188,1393.4862736655496,4.465820944569714,-29792.750453847068
2026-09-02 20:12:47,9.721369025118422,189.7835053197227,1397.963279797045,4.488081285633257,-29941.25546436033
2026-09-02 20:12:48,9.648546259746292,189.55113207723653,1402.462436236816,4.51021358841183,-30088.906295380053
2026-09-02 20:12:49,9.57572028419543,189.3203532721447,1406.9837069738687,4.5320376711464405,-30234.500903598055
2026-09-02 20:12:50,9.502901913920835,189.09117810693527,1411.526511579109,4.553554821613943,-30378.047880136754
2026-09-02 20:12:51,9.430093050518238,188.86358782570616,1416.0908166170966,4.574948674427105,-30520.77230326525
2026-09-02 20:12:52,9.35729840339549,188.63757292187208,1420.6764089279632,4.596130236832664,-30662.080477239124
2026-09-02 20:12:53,9.284522561606046,188.4131238264308,1425.283077090762,4.617101249716484,-30801.98401599872
2026-09-02 20:12:54,9.211769995635427,188.19023091269761,1429.9106114273961,4.637863456955188,-30940.49455343662
2026-09-02 20:12:55,9.139045059213569,187.96888450109645,1434.5588040046723,4.658418604471876,-31077.62373709799
2026-09-02 20:12:56,9.066351991124776,187.7490748637143,1439.22744863634,4.678862967148348,-31214.013843859593
2026-09-02 20:12:57,8.993691994561487,187.5307834770929,1443.916529938969,4.699009640537156,-31348.417981463404
2026-09-02 20:12:58,8.921074930466258,187.3140180940295,1448.6254679174142,4.718859968165816,-31480.84511296022
2026-09-02 20:12:59,8.848501779697447,187.0987600549035,1453.3542498753006,4.738604351582467,-31612.56546075263
2026-09-02 20:13:00,8.775976339432319,186.8849994816867,1458.1026766205791,4.758150416317335,-31742.962768712045
2026-09-02 20:13:01,8.703502300999538,186.6727264689713,1462.8705507079353,4.777499908006121,-31872.048682466324
2026-09-02 20:13:02,8.631083251701822,186.46193108781236,1467.6576764365914,4.79665457000965,-31999.834832467
2026-09-02 20:13:03,8.55872267662606,186.2526033894489,1472.4638598479546,4.815713395560238,-32126.981630473423
2026-09-02 20:13:04,8.48642105291587,186.04472507471036,1477.2891032277118,4.834483990852391,-32252.205563172578
2026-09-02 20:13:05,8.414187484391993,185.83830289204894,1482.1328278296594,4.8529677116849825,-32375.515675480954
2026-09-02 20:13:06,8.342022250220358,185.63331846162234,1486.9950386510818,4.871360418400627,-32498.218606957933
2026-09-02 20:13:07,8.269928444620378,185.42976178994337,1491.8755486664606,4.889566960478419,-32619.679581655248
2026-09-02 20:13:08,8.197909068552823,185.22762288048764,1496.7741725720387,4.90758905694247,-32739.91006766735
2026-09-02 20:13:09,8.12596703147939,185.02689173667298,1501.6907267803456,4.92542842098112,-32858.9214941566
2026-09-02 20:13:10,8.054105153115849,184.8275583648047,1506.625029414001,4.943086759777316,-32976.72525022171
2026-09-02 20:13:11,7.982326165157979,184.62961277687003,1511.5769002999002,4.960665912807372,-33094.00073571812
2026-09-02 20:13:12,7.910629830297192,184.43303711231084,1516.5463612396156,4.977967640714041,-33209.425440009174
2026-09-02 20:13:13,7.8390244783696295,184.23783721940998,1521.5328355813283,4.994993281998404,-33323.00829261291
2026-09-02 20:13:14,7.767509701080222,184.04399520697356,1526.5363478036124,5.011944448369832,-33436.09430207768
2026-09-02 20:13:15,7.696087895122047,183.85150113599778,1531.556724478068,5.028723019860649,-33548.02888243873
2026-09-02 20:13:16,7.6247613776160055,183.66034508586702,1536.5937938433337,5.045330659152455,-33658.823125913696
2026-09-02 20:13:17,7.553532387754125,183.47051715651955,1541.6473857963729,5.061769020216275,-33768.48806660957
2026-09-02 20:13:18,7.482403088420343,183.2820074706573,1546.7173318837663,5.0781422258122575,-33877.718336811915
2026-09-02 20:13:19,7.411372712195971,183.0947986702455,1551.8036702479974,5.0942472769922915,-33985.159673311675
2026-09-02 20:13:20,7.340448989551306,182.9088959927647,1556.9058264377509,5.110085476385962,-34090.82076631802
2026-09-02 20:13:21,7.269631004247269,182.72428208332727,1562.0238412007693,5.125863075919028,-34196.07758057094
2026-09-02 20:13:22,7.1989206297608535,182.54094717557354,1567.157552589589,5.141479528771015,-34300.25933988649
2026-09-02 20:13:23,7.128319671084671,182.35888153550874,1572.3068002583113,5.156936431827944,-34403.3766975415
2026-09-02 20:13:24,7.057829866219534,182.17807546310462,1577.4714254532448,5.17223537194036,-34505.440239863274
2026-09-02 20:13:25,6.98745288766166,181.9985192940126,1582.651271002192,5.1874825800395,-34607.158663341026
2026-09-02 20:13:26,6.917187519292672,181.8201962515802,1587.8463906133238,5.202470610380033,-34707.148038927866
2026-09-02 20:13:27,6.847040960812525,181.64311109540898,1593.0562122229521,5.21720071630557,-34805.41672803236
2026-09-02 20:13:28,6.777011867678425,181.46724707785526,1598.280792045935,5.231883452812326,-34903.36940239055
2026-09-02 20:13:29,6.707101664777761,181.29259469173923,1603.5199791285768,5.246415999247688,-35000.320116443276
2026-09-02 20:13:30,6.637311718587402,181.1191444725824,1608.7736240444303,5.2607998769841515,-35096.279019695365
2026-09-02 20:13:31,6.567643338537088,180.9468869997365,1614.041578882545,5.2750365958904695,-35191.25618490689
2026-09-02 20:13:32,6.498097778340038,180.77581289761517,1619.3236972362113,5.289127654569938,-35285.261609682915
2026-09-02 20:13:33,6.428676237301622,180.605912836711,1624.619834191685,5.303181498409913,-35379.01876377366
2026-09-02 20:13:34,6.359377076123133,180.43717076919623,1629.930060233031,5.316985960503189,-35471.112221930474
2026-09-02 20:13:35,6.290206965242472,180.26959103816037,1635.2538061126913,5.33054222667613,-35561.54989513532
2026-09-02 20:13:36,6.221164157859222,180.10315764630008,1640.5911446863834,5.3440653905653335,-35651.76673367369
2026-09-02 20:13:37,6.152249648355279,179.9378614584606,1645.941936893822,5.357450210920547,-35741.06064349722
2026-09-02 20:13:38,6.083464382951048,179.77369339024528,1651.3060451082245,5.370698115376399,-35829.44114875898
2026-09-02 20:13:39,6.014809260884187,179.61064440881475,1656.6833331245748,5.3838105195802655,-35916.917693641684
2026-09-02 20:13:40,5.946285135574671,179.44870553364956,1662.073666147385,5.396897651413383,-36004.22563941474
2026-09-02 20:13:41,5.877890066774153,179.28786138818688,1667.4771284274016,5.409743509286386,-36089.923978583785
2026-09-02 20:13:42,5.8096303230027075,179.1281160403,1672.8931531659578,5.422349213898997,-36174.0201876526
2026-09-02 20:13:43,5.741503872683635,178.96945417717185,1678.3218268551996,5.4349335253009485,-36257.973676582274
2026-09-02 20:13:44,5.673511397170716,178.8118670339009,1683.7630202165597,5.447389232182445,-36341.069208501875
2026-09-02 20:13:45,5.605653537507845,178.6553459009394,1689.2166053195645,5.459717677066578,-36423.3157397614
2026-09-02 20:13:46,5.537930895454584,178.49988212450907,1694.6824555706928,5.4719201904784995,-36504.72214666921
2026-09-02 20:13:47,5.470344034511413,178.34546710707215,1700.1604457005214,5.48399809026057,-36585.29722092322
2026-09-02 20:13:48,5.4028934809231925,178.19209230775007,1705.650451751214,5.496063480868088,-36665.7888429474
2026-09-02 20:13:49,5.335577019151325,178.039743134082,1711.1525726622576,5.507896294121792,-36744.72887587981
2026-09-02 20:13:50,5.268400520364632,177.88842341784232,1716.6662443394575,5.519497573323292,-36822.1242798796
2026-09-02 20:13:51,5.201361693808339,177.7381186402719,1722.1915678089042,5.531089949497641,-36899.46028927546
2026-09-02 20:13:52,5.134460926279032,177.58882049052207,1727.7284242384528,5.5425641189516455,-36976.00770831697
2026-09-02 20:13:53,5.067698572017088,177.44052071594203,1733.2766960468075,5.553921326386217,-37051.77484075478
2026-09-02 20:13:54,5.001074953591623,177.2932111223326,1738.8362668912253,5.565162804346642,-37126.76990924596
2026-09-02 20:13:55,4.934590362765862,177.14688357407567,1744.4070216555008,5.576402171905556,-37201.75089865374
2026-09-02 20:13:56,4.868242394850618,177.00152416575676,1749.9890712350364,5.587416060091186,-37275.227651598805
2026-09-02 20:13:57,4.802036621116961,176.85713657531392,1755.5818537756832,5.598205443737811,-37347.20667147545
2026-09-02 20:13:58,4.73597057382229,176.71370697623132,1761.185482122512,5.6089960849991485,-37419.19408125437
2026-09-02 20:13:59,4.670044429798136,176.57122746871747,1766.7998459456815,5.619676979503311,-37490.44933947812
2026-09-02 20:14:00,4.604258339137309,176.42969021217067,1772.4248360815186,5.630249287845686,-37560.980188805726
2026-09-02 20:14:01,4.538612425947165,176.28908742515853,1778.0603445213728,5.6407141590563015,-37630.79429474041
2026-09-02 20:14:02,4.473106789096382,176.14941138552794,1783.7062643996312,5.651072730162923,-37699.89924271493
2026-09-02 20:14:03,4.407741502945958,176.0106544303285,1789.3624899816987,5.661440218127495,-37769.06367756253
2026-09-02 20:14:04,4.342513996666869,175.87280342809774,1795.0291448358862,5.671589755581749,-37836.774103114694
2026-09-02 20:14:05,4.277429546153997,175.73586192601303,1800.7056694928622,5.681522240598042,-37903.036510665275
2026-09-02 20:14:06,4.21248552940512,175.59981687435035,1806.3921893170823,5.691466744939362,-37969.379102521394
2026-09-02 20:14:07,4.147681929707276,175.46466084674685,1812.088602982741,5.701310460202308,-38035.04930202285
2026-09-02 20:14:08,4.083018709243617,175.33038647575196,1817.794810237487,5.71105445428941,-38100.05423344846
2026-09-02 20:14:09,4.018495809726859,175.19698645278845,1823.5107118913197,5.720699783874238,-38164.400946165486
2026-09-02 20:14:10,3.9541131530207725,175.06445352795208,1829.2362098052354,5.730362957879265,-38228.86670404007
2026-09-02 20:14:11,3.889868059884751,174.93277522952022,1834.9714378070782,5.739814270766942,-38291.91907667632
2026-09-02 20:14:12,3.8257655836719278,174.80195501967358,1840.7158383467693,5.749054555493672,-38353.56362096122
2026-09-02 20:14:13,3.7618030027886693,174.6719805089037,1846.4695469180656,5.758315563712472,-38415.34641750376
2026-09-02 20:14:14,3.697980165642737,174.54284468069685,1852.2324694741942,5.767483022833858,-38476.505121645576
2026-09-02 20:14:15,3.634296903695081,174.41454057639868,1858.0045129637333,5.776557922915458,-38537.04633834023
2026-09-02 20:14:16,3.570753031998002,174.28706129507043,1863.7855853200251,5.7855412435071685,-38596.9766024412
2026-09-02 20:14:17,3.507348349717851,174.16039999322783,1869.5755954507476,5.794550695474413,-38657.08119631491
2026-09-02 20:14:18,3.4440800980573605,174.0345448375125,1875.374686710974,5.8033539280029345,-38715.81004217881
2026-09-02 20:14:19,3.380953136722154,173.9094992252251,1881.1823033067535,5.811951711754659,-38773.168281335886
2026-09-02 20:14:20,3.31796467208217,173.78525140426066,1886.9985901344833,5.820578292899427,-38830.718636020036
2026-09-02 20:14:21,3.2551144447929086,173.66179475869362,1892.8234598925524,5.829118033415625,-38887.68965239029
2026-09-02 20:14:22,3.192402182075252,173.53912272883088,1898.6568262013145,5.837571849848018,-38944.08744497514
2026-09-02 20:14:23,3.1298275981765413,173.41722881098363,1904.4986035922484,5.8459406484981855,-38999.91805996792
2026-09-02 20:14:24,3.0673903948103907,173.29610655714072,1910.348707498311,5.854225325920538,-39055.18747853583
2026-09-02 20:14:25,3.0050902615863717,173.17574957469964,1916.2070542440895,5.862544864755478,-39110.689467414675
2026-09-02 20:14:26,2.9429243781422607,173.0561467295509,1922.0737972278218,5.870664110650068,-39164.85524562508
2026-09-02 20:14:27,2.8808974132199356,172.937301362494,1927.9483824653896,5.878583766992392,-39217.68950566724
2026-09-02 20:14:28,2.8190065188301037,172.81920241834507,1933.8309647618066,5.886540721626261,-39270.77259312682
2026-09-02 20:14:29,2.7572513402999617,172.70184372314023,1939.7214639086421,5.894417888794578,-39323.323395911306
2026-09-02 20:14:30,2.695631512871357,172.5852191568403,1945.6198005393958,5.902216106178912,-39375.34750243058
2026-09-02 20:14:31,2.6341466620631273,172.4693226529692,1951.525896121,5.909936202295739,-39426.850439951624
2026-09-02 20:14:32,2.572796404037351,172.35414819823635,1957.4396729439873,5.917698190490114,-39478.63285133153
2026-09-02 20:14:33,2.5115778857227635,172.23968524157615,1963.3612925019802,5.92526464210448,-39529.11078306367
2026-09-02 20:14:34,2.4504956314620854,172.12593708508075,1969.2902022281962,5.932636205456106,-39578.288560255285
2026-09-02 20:14:35,2.3895467658107354,172.01289325375512,1975.2265649128924,5.940051910141506,-39627.76081672813
2026-09-02 20:14:36,2.3287308709543573,171.90054794392026,1981.1703060484792,5.947393496292989,-39676.7386075669
2026-09-02 20:14:37,2.2680475213989766,171.78889540339628,1987.1213519054784,5.9546617373638355,-39725.22709269648
2026-09-02 20:14:38,2.2074962842865338,171.67792993120568,1993.079629523207,5.961857397971585,-39773.231373096016
2026-09-02 20:14:39,2.1470767196920533,171.56764587717416,1999.0450667014215,5.968981234077432,-39820.75649199576
2026-09-02 20:14:40,2.0867883809212584,171.45803764161664,2005.0175919913618,5.976154351359924,-39868.61037951744
2026-09-02 20:14:41,2.0266283970837153,171.3490953054397,2010.9973754041414,5.983136910310918,-39915.19299869057
2026-09-02 20:14:42,1.9666011494611928,171.24082213448673,2016.9838658119836,5.989929500892117,-39960.508285315955
2026-09-02 20:14:43,1.9067037497694337,171.13320828193284,2022.9772344059256,5.996773422884758,-40006.16601825759
2026-09-02 20:14:44,1.8469357270283366,171.0262483463791,2028.9774126577531,6.0035491715975695,-40051.36894803117
2026-09-02 20:14:45,1.7872966048419832,170.91993697504975,2034.9843327491208,6.010257452534461,-40096.12178125215
2026-09-02 20:14:46,1.7277859016549173,170.81426886349612,2040.997927562822,6.016898962862911,-40140.42916892133
2026-09-02 20:14:47,1.668403130993264,170.70923875514103,2047.0181306748466,6.023595695028689,-40185.10495703458
2026-09-02 20:14:48,1.6091454202243827,170.60483725341703,2053.0451189528794,6.030105852904967,-40228.536055466524
2026-09-02 20:14:49,1.5500170418103674,170.50106759685372,2059.0783423806565,6.036429979049672,-40270.726083774076
2026-09-02 20:14:50,1.4910151093225652,170.39792045748922,2065.1179789109788,6.0428112161930585,-40313.297115653644
2026-09-02 20:14:51,1.4321391189293826,170.29539076678876,2071.1639648130426,6.049129049741623,-40355.44516427843
2026-09-02 20:14:52,1.3733885630005314,170.1934735022448,2077.216237010462,6.055384129961794,-40397.1745677591
2026-09-02 20:14:53,1.3147629303209727,170.0921636870782,2083.2747330729662,6.0615770994172635,-40438.48961281917
2026-09-02 20:14:54,1.2562617062876318,169.99145638982887,2089.3393912092965,6.067830777948075,-40480.20966523497
2026-09-02 20:14:55,1.1978820268727763,169.891342708197,2095.4103946288624,6.073901545427816,-40520.709466465734
2026-09-02 20:14:56,1.1396280686921794,169.79182585560838,2101.487194300152,6.07978990034303,-40559.99234205572
2026-09-02 20:14:57,1.0814969569228174,169.69289699460322,2107.5699744295484,6.085740704273576,-40599.6918326316
2026-09-02 20:14:58,1.023488165305569,169.59455137132366,2113.6586757086993,6.091632501110553,-40638.997670251956
2026-09-02 20:14:59,0.9656011651179258,169.49678427538018,2119.7532394317695,6.097465890066815,-40677.91385243464
2026-09-02 20:15:00,0.9078354253396377,169.39959103950616,2125.853607488833,6.103241463582435,-40716.44433151441
2026-09-02 20:15:01,0.8501904128165069,169.30296703912688,2131.9597223589344,6.108959807156907,-40754.59301352343
2026-09-02 20:15:02,0.7926655924213168,169.2069076920772,2138.0715271031468,6.114744618172381,-40793.18511856881
2026-09-02 20:15:03,0.7352581200076795,169.11140462714678,2144.189211595279,6.1203503425088,-40830.58248589296
2026-09-02 20:15:04,0.6779720761490514,169.01646103014528,2150.3122277881644,6.125777432695941,-40866.788134449605
2026-09-02 20:15:05,0.6208046087051682,168.9220685903469,2156.440766460671,6.131272573647493,-40903.447768839425
2026-09-02 20:15:06,0.5637551761570182,168.82822289137502,2162.5747729354594,6.136713311470203,-40939.74446462028
2026-09-02 20:15:07,0.506823235747506,168.73491955745376,2168.7141930836115,6.1421001918272395,-40975.68186206499
2026-09-02 20:15:08,0.45000824360742686,168.6421542529885,2174.858973319114,6.14743375439275,-41011.263561491935
2026-09-02 20:15:09,0.39330965488592196,168.54992268219925,2181.009060592397,6.152838409760079,-41047.31954104115
2026-09-02 20:15:10,0.33672464969139654,168.45821690991644,2187.164650138634,6.158067033997895,-41082.201167301515
2026-09-02 20:15:11,0.28025723459328006,168.3670400977972,2193.3251946603928,6.163120042993569,-41115.91121477492
2026-09-02 20:15:12,0.2239045836982939,168.27638436732832,2199.490890224621,6.168245602466641,-41150.10526693531
2026-09-02 20:15:13,0.1676661494534984,168.1862455785428,2205.661685865326,6.173320448797767,-41183.960997429545
2026-09-02 20:15:14,0.1115413839181035,168.09661962952276,2211.8375311222167,6.1783450850780355,-41217.481762520096
2026-09-02 20:15:15,0.055529738864761743,168.0075024560774,2218.018376035482,6.18332000834539,-41250.67087808721
2026-09-02 20:15:16,-0.00036933410612295425,167.91889003138579,2224.2041711389074,6.185795103425335,-41267.182935104625
